episode_id,controller,trajectory_kind,shift_type,shift_intensity,shift_time,unseen,rmse,mae,final_position_error,heading_error,success,recovery_time,control_smoothness,control_energy_proxy,peak_error_after_shift,mean_error_after_shift,robustness_score
eval_2024_friction_shift_mild_00,baseline,figure8,friction_shift,mild,3.7994229415029985,1,0.04913097247481346,0.04253385215997696,0.02677375264465809,0.03239279240369797,1.0,0.35000014305114746,0.05362973362207413,0.5396220684051514,0.0642632246017456,0.03891369327902794,0.9520564283458782
eval_2024_friction_shift_mild_00,adaptive,figure8,friction_shift,mild,3.7994229415029985,1,0.0406891293823719,0.03270552307367325,0.0020646839402616024,0.02696402184665203,1.0,0.35000014305114746,0.05995782092213631,0.5486744046211243,0.035292964428663254,0.02326374128460884,0.9601275590062527
eval_2024_friction_shift_mild_01,baseline,circle,friction_shift,mild,4.67527107394866,0,0.1563601791858673,0.0967697948217392,0.05801874026656151,0.05799202620983124,1.0,0.34999990463256836,0.05692102760076523,0.7005032896995544,0.07674312591552734,0.05884614959359169,0.8552510912471459
eval_2024_friction_shift_mild_01,adaptive,circle,friction_shift,mild,4.67527107394866,0,0.149367094039917,0.07624496519565582,0.021124225109815598,0.05189927667379379,1.0,0.34999990463256836,0.05953901633620262,0.7129834294319153,0.040827684104442596,0.02903011627495289,0.8612528960564796
eval_2024_friction_shift_mild_02,baseline,spline,friction_shift,mild,7.808362605128902,0,0.0861905962228775,0.04661146178841591,0.02564598247408867,0.034810870885849,1.0,0.34999990463256836,0.055218592286109924,0.2428732067346573,0.02570514939725399,0.020288502797484398,0.9174193578911736
eval_2024_friction_shift_mild_02,adaptive,spline,friction_shift,mild,7.808362605128902,0,0.08406197279691696,0.04385228827595711,0.02046189457178116,0.031027108430862427,1.0,0.34999990463256836,0.06273771822452545,0.24608615040779114,0.021420741453766823,0.01770314946770668,0.9193742781341716
eval_2024_friction_shift_mild_03,baseline,circle,friction_shift,mild,4.6248974592706,0,0.08096164464950562,0.0536729134619236,0.03629511967301369,0.0367918461561203,1.0,0.34999990463256836,0.054198089987039566,0.3716214895248413,0.0371069572865963,0.03020605258643627,0.9222290631852106
eval_2024_friction_shift_mild_03,adaptive,circle,friction_shift,mild,4.6248974592706,0,0.07711154222488403,0.044416483491659164,0.016978133469820023,0.03394069895148277,1.0,0.34999990463256836,0.05339301377534866,0.37700292468070984,0.026003582403063774,0.018393129110336304,0.9257865835518194
eval_2024_friction_shift_medium_00,baseline,spline,friction_shift,medium,5.390695846068521,1,0.13464774191379547,0.09088551253080368,0.0635819211602211,0.046363189816474915,1.0,0.34999990463256836,0.059509970247745514,0.6543501615524292,0.11257728934288025,0.07311096787452698,0.8740237393971889
eval_2024_friction_shift_medium_00,adaptive,spline,friction_shift,medium,5.390695846068521,1,0.12833808362483978,0.08057849854230881,0.04180515930056572,0.04619091749191284,1.0,0.34999990463256836,0.062344156205654144,0.6689485907554626,0.06774600595235825,0.04913494363427162,0.8795559654030859
eval_2024_friction_shift_medium_01,baseline,lane_change,friction_shift,medium,3.832625801644978,0,0.10953620076179504,0.0659579411149025,0.034430645406246185,0.01019258052110672,1.0,0.35000014305114746,0.055493809282779694,0.17251837253570557,0.06377510726451874,0.03983558714389801,0.8962497188522554
eval_2024_friction_shift_medium_01,adaptive,lane_change,friction_shift,medium,3.832625801644978,0,0.10608428716659546,0.05527820810675621,0.0247991681098938,0.010398932732641697,1.0,0.35000014305114746,0.05722244828939438,0.17458981275558472,0.041543878614902496,0.026609037071466446,0.899348841315585
eval_2024_friction_shift_medium_02,baseline,circle,friction_shift,medium,3.6044739513104505,0,0.14297308027744293,0.09693644195795059,0.07135125249624252,0.0657881647348404,1.0,0.34999990463256836,0.0553368479013443,0.5305575132369995,0.07258480787277222,0.06361628323793411,0.8667774019886076
eval_2024_friction_shift_medium_02,adaptive,circle,friction_shift,medium,3.6044739513104505,0,0.13757289946079254,0.08064664155244827,0.0370885469019413,0.05819530040025711,1.0,0.34999990463256836,0.07902887463569641,0.5442777872085571,0.045250099152326584,0.03712223842740059,0.8714708179287358
eval_2024_friction_shift_medium_03,baseline,circle,friction_shift,medium,5.554747841147665,0,0.08310839533805847,0.06747518479824066,0.07990121841430664,0.04817384481430054,1.0,0.35000038146972656,0.05431775376200676,0.326908141374588,0.07990121841430664,0.06807146966457367,0.9202513908530495
eval_2024_friction_shift_medium_03,adaptive,circle,friction_shift,medium,5.554747841147665,0,0.07064402848482132,0.050043437629938126,0.03553542494773865,0.04157727211713791,1.0,0.35000038146972656,0.0536872074007988,0.33295607566833496,0.04485780745744705,0.03786775469779968,0.9317935250510991
eval_2024_friction_shift_severe_00,baseline,sinusoid,friction_shift,severe,5.027802275261191,1,0.15855512022972107,0.11086924374103546,0.12912918627262115,0.02793816849589348,1.0,0.34999990463256836,0.053312890231609344,0.2649238705635071,0.12948985397815704,0.1099194884300232,0.8533759242175485
eval_2024_friction_shift_severe_00,adaptive,sinusoid,friction_shift,severe,5.027802275261191,1,0.14286653697490692,0.08659350126981735,0.07529981434345245,0.024342723190784454,1.0,0.34999990463256836,0.054151296615600586,0.26701825857162476,0.08278878033161163,0.06645103543996811,0.8668697562353549
eval_2024_friction_shift_severe_01,baseline,figure8,friction_shift,severe,5.796823914562495,0,0.1608004868030548,0.10702954232692719,0.10013555735349655,0.042658716440200806,1.0,0.34999990463256836,0.1079583540558815,2.0643749237060547,0.15563702583312988,0.09033315628767014,0.8514619320539787
eval_2024_friction_shift_severe_01,adaptive,figure8,friction_shift,severe,5.796823914562495,0,0.15391044318675995,0.09541372954845428,0.04474437236785889,0.04225120320916176,1.0,0.34999990463256836,0.11303206533193588,2.136190176010132,0.10733379423618317,0.06762116402387619,0.8573487989996837
eval_2024_friction_shift_severe_02,baseline,spline,friction_shift,severe,3.4369653407146354,0,0.0918351486325264,0.07504580914974213,0.07282141596078873,0.05544571951031685,1.0,0.34999990463256836,0.05395100265741348,0.22138521075248718,0.08206881582736969,0.06616336107254028,0.9122555237206263
eval_2024_friction_shift_severe_02,adaptive,spline,friction_shift,severe,3.4369653407146354,0,0.07829677313566208,0.05559020861983299,0.04270923510193825,0.04987172782421112,1.0,0.34999990463256836,0.06266261637210846,0.22639186680316925,0.053583305329084396,0.03938009962439537,0.9246899626790633
eval_2024_friction_shift_severe_03,baseline,circle,friction_shift,severe,7.6242361191771435,0,0.19373424351215363,0.11178234219551086,0.11938425153493881,0.0386107973754406,1.0,0.34999990463256836,0.05840371549129486,0.5147519707679749,0.13423335552215576,0.10778698325157166,0.8238768257890209
eval_2024_friction_shift_severe_03,adaptive,circle,friction_shift,severe,7.6242361191771435,0,0.18669173121452332,0.09666737169027328,0.05874747410416603,0.03513086587190628,1.0,0.34999990463256836,0.06198035553097725,0.5214734077453613,0.08929292857646942,0.068133145570755,0.8296994674135623
eval_2024_mass_shift_mild_00,baseline,spline,mass_shift,mild,4.924225408548401,1,0.1566324234008789,0.10566963255405426,0.04260896518826485,0.07479256391525269,1.0,0.34999990463256836,0.06134926155209541,0.6314679384231567,0.1918163299560547,0.08726519346237183,0.8550182857765808
eval_2024_mass_shift_mild_00,adaptive,spline,mass_shift,mild,4.924225408548401,1,0.14084051549434662,0.08052428811788559,0.02933504246175289,0.05600535124540329,1.0,0.34999990463256836,0.06864792853593826,0.6226876378059387,0.09243525564670563,0.04253564774990082,0.8686278333319428
eval_2024_mass_shift_mild_01,baseline,lane_change,mass_shift,mild,7.373592483821904,0,0.08767035603523254,0.05612675100564957,0.03210262954235077,0.05389641597867012,1.0,0.34999990463256836,0.057613126933574677,0.25115007162094116,0.12856237590312958,0.0625644251704216,0.9160628015306188
eval_2024_mass_shift_mild_01,adaptive,lane_change,mass_shift,mild,7.373592483821904,0,0.0799960345029831,0.04823902249336243,0.02225087396800518,0.045496609061956406,1.0,0.34999990463256836,0.06602197885513306,0.2570718228816986,0.08024770021438599,0.04230238497257233,0.9231200070090118
eval_2024_mass_shift_mild_02,baseline,spline,mass_shift,mild,5.651134714777991,0,0.09683140367269516,0.04638505354523659,0.004312046803534031,0.05355769023299217,1.0,0.34999990463256836,0.05437203496694565,0.12005273252725601,0.030867384746670723,0.013397241942584515,0.9077090296419685
eval_2024_mass_shift_mild_02,adaptive,spline,mass_shift,mild,5.651134714777991,0,0.09623682498931885,0.0427279993891716,0.0022673315834254026,0.04838249459862709,1.0,0.34999990463256836,0.06822670996189117,0.12099410593509674,0.018722891807556152,0.00852193869650364,0.9082488945618838
eval_2024_mass_shift_mild_03,baseline,sinusoid,mass_shift,mild,7.0206524633174086,0,0.065358966588974,0.04314512014389038,0.08381877094507217,0.053905777633190155,1.0,0.34999990463256836,0.05021890625357628,0.24449293315410614,0.1039193719625473,0.05185803398489952,0.9367311478330695
eval_2024_mass_shift_mild_03,adaptive,sinusoid,mass_shift,mild,7.0206524633174086,0,0.05728670209646225,0.03585034981369972,0.05381587892770767,0.05071917176246643,1.0,0.34999990463256836,0.05536743625998497,0.24003759026527405,0.06451094895601273,0.033524490892887115,0.9443232910847354
eval_2024_mass_shift_medium_00,baseline,sinusoid,mass_shift,medium,7.277332053891092,1,0.13185428082942963,0.062053531408309937,0.06699566543102264,0.06831660121679306,1.0,0.34999990463256836,0.05585439130663872,0.13467220962047577,0.06699566543102264,0.03137972950935364,0.876468704066911
eval_2024_mass_shift_medium_00,adaptive,sinusoid,mass_shift,medium,7.277332053891092,1,0.1310187727212906,0.05844259634613991,0.038710467517375946,0.06559998542070389,1.0,0.34999990463256836,0.060644812881946564,0.1363825798034668,0.038710467517375946,0.019295919686555862,0.8772013067808252
eval_2024_mass_shift_medium_01,baseline,sinusoid,mass_shift,medium,7.518815720664928,0,0.12374035269021988,0.08738815784454346,0.2541816532611847,0.11912355571985245,1.0,0.34999990463256836,0.0622434988617897,0.5681415796279907,0.2541816532611847,0.13807284832000732,0.8836092378618156
eval_2024_mass_shift_medium_01,adaptive,sinusoid,mass_shift,medium,7.518815720664928,0,0.0931759625673294,0.06340057402849197,0.15149500966072083,0.0922669842839241,1.0,0.34999990463256836,0.08133422583341599,0.586376965045929,0.15149500966072083,0.07382012158632278,0.9110331784542297
eval_2024_mass_shift_medium_02,baseline,figure8,mass_shift,medium,7.909779017891188,0,0.2839866876602173,0.17987972497940063,0.6279125213623047,0.118601955473423,0.0,0.34999990463256836,0.19057737290859222,7.714328765869141,0.8238790035247803,0.40377119183540344,0.45166599951494996
eval_2024_mass_shift_medium_02,adaptive,figure8,mass_shift,medium,7.909779017891188,0,0.162292018532753,0.11786191165447235,0.27183088660240173,0.07642253488302231,1.0,0.34999990463256836,0.20420925319194794,8.346701622009277,0.4172585904598236,0.23486855626106262,0.850192896204573
eval_2024_mass_shift_medium_03,baseline,sinusoid,mass_shift,medium,7.97905704271211,0,0.14171454310417175,0.07173579931259155,0.06605552136898041,0.05644551292061806,1.0,0.35000038146972656,0.0533154271543026,0.18508945405483246,0.08615779876708984,0.05253174901008606,0.8678689603092453
eval_2024_mass_shift_medium_03,adaptive,sinusoid,mass_shift,medium,7.97905704271211,0,0.13802295923233032,0.06241457909345627,0.022576954215765,0.05029619485139847,1.0,0.35000038146972656,0.061686571687459946,0.1851203590631485,0.044750913977622986,0.028524689376354218,0.8710786922181397
eval_2024_mass_shift_severe_00,baseline,figure8,mass_shift,severe,6.776865092562028,1,0.18403080105781555,0.13408878445625305,0.32297277450561523,0.08396250009536743,1.0,0.34999990463256836,0.0625094473361969,1.1775236129760742,0.38623741269111633,0.2071504294872284,0.8319101797185061
eval_2024_mass_shift_severe_00,adaptive,figure8,mass_shift,severe,6.776865092562028,1,0.14083316922187805,0.10577626526355743,0.2159653902053833,0.06735987961292267,1.0,0.34999990463256836,0.0675673559308052,1.2024571895599365,0.2573377788066864,0.14212104678153992,0.8686342145321192
eval_2024_mass_shift_severe_01,baseline,lane_change,mass_shift,severe,7.6324732113878495,0,0.12047877162694931,0.07867548614740372,0.04600346460938454,0.10387340188026428,1.0,0.34999990463256836,0.05876263231039047,0.31913870573043823,0.2350917011499405,0.11846213787794113,0.8864959060114335
eval_2024_mass_shift_severe_01,adaptive,lane_change,mass_shift,severe,7.6324732113878495,0,0.10077999532222748,0.06593518704175949,0.04197177663445473,0.08826252073049545,1.0,0.34999990463256836,0.07051172107458115,0.32932618260383606,0.15478010475635529,0.07617861777544022,0.9041319242592061
eval_2024_mass_shift_severe_02,baseline,figure8,mass_shift,severe,6.462831404961143,0,0.257920503616333,0.17864477634429932,0.5851454734802246,0.1617690920829773,0.0,0.34999990463256836,0.0786202996969223,2.376654863357544,0.5851454734802246,0.31537681818008423,0.4635939918451554
eval_2024_mass_shift_severe_02,adaptive,figure8,mass_shift,severe,6.462831404961143,0,0.17857219278812408,0.12753826379776,0.42951473593711853,0.11808844655752182,0.0,0.34999990463256836,0.08318915963172913,2.410893440246582,0.42951473593711853,0.21213775873184204,0.5018782008319432
eval_2024_mass_shift_severe_03,baseline,figure8,mass_shift,severe,6.110827173946726,0,0.39959976077079773,0.2616673409938812,0.39605265855789185,0.2025957554578781,0.0,0.34999990463256836,0.11686097830533981,5.477076053619385,0.9930070042610168,0.49091553688049316,0.4023530328666684
eval_2024_mass_shift_severe_03,adaptive,figure8,mass_shift,severe,6.110827173946726,0,0.26594898104667664,0.18148952722549438,0.3744150996208191,0.15404708683490753,0.0,0.34999990463256836,0.12650133669376373,6.092968940734863,0.6725397706031799,0.3210410177707672,0.45988693885236137
eval_2024_actuator_delay_mild_00,baseline,spline,actuator_delay,mild,5.066012913904611,1,0.08669571578502655,0.04585837200284004,0.020829161629080772,0.0704907700419426,1.0,0.35000038146972656,0.05433487519621849,0.1794600784778595,0.03207603096961975,0.023568423464894295,0.9169560684449402
eval_2024_actuator_delay_mild_00,adaptive,spline,actuator_delay,mild,5.066012913904611,1,0.08722762018442154,0.04751967638731003,0.018476661294698715,0.07323934137821198,1.0,0.35000038146972656,0.0605287030339241,0.17750729620456696,0.04026591777801514,0.02738049067556858,0.9164684651687425
eval_2024_actuator_delay_mild_01,baseline,sinusoid,actuator_delay,mild,7.426732725632322,0,0.036711856722831726,0.02289463020861149,0.01104087196290493,0.022176221013069153,1.0,0.34999990463256836,0.0537019819021225,0.33761975169181824,0.04066276177763939,0.02019619196653366,0.963953852158016
eval_2024_actuator_delay_mild_01,adaptive,sinusoid,actuator_delay,mild,7.426732725632322,0,0.03795643895864487,0.026223650202155113,0.02282603643834591,0.02297309972345829,1.0,0.34999990463256836,0.07685591280460358,0.3360118865966797,0.036316148936748505,0.021659953519701958,0.9627548785828489
eval_2024_actuator_delay_mild_02,baseline,lane_change,actuator_delay,mild,4.542818359875364,0,0.0681886076927185,0.03473833203315735,0.0022173903416842222,0.046846162527799606,1.0,0.34999990463256836,0.04821132868528366,0.1406903713941574,0.037723854184150696,0.0131623400375247,0.9340842814810087
eval_2024_actuator_delay_mild_02,adaptive,lane_change,actuator_delay,mild,4.542818359875364,0,0.06754881143569946,0.03477936610579491,0.006038222927600145,0.043163444846868515,1.0,0.34999990463256836,0.05259561538696289,0.13798779249191284,0.0397883802652359,0.014136523008346558,0.9346820963274988
eval_2024_actuator_delay_mild_03,baseline,figure8,actuator_delay,mild,4.907499809561948,0,0.13626061379909515,0.11522901058197021,0.08289802074432373,0.03597329929471016,1.0,0.34999990463256836,0.14278726279735565,5.301571369171143,0.20560035109519958,0.12526559829711914,0.8726151872932197
eval_2024_actuator_delay_mild_03,adaptive,figure8,actuator_delay,mild,4.907499809561948,0,0.1249709203839302,0.10557139664888382,0.07144936174154282,0.03330036997795105,1.0,0.34999990463256836,0.19973672926425934,5.2180986404418945,0.1689615696668625,0.10594776272773743,0.8825225656288392
eval_2024_actuator_delay_medium_00,baseline,sinusoid,actuator_delay,medium,3.678042900147788,1,0.05076586455106735,0.026218943297863007,0.004699775017797947,0.021894142031669617,1.0,0.35000014305114746,0.04934225603938103,0.15203580260276794,0.013772502541542053,0.006492352578788996,0.9505011905044534
eval_2024_actuator_delay_medium_00,adaptive,sinusoid,actuator_delay,medium,3.678042900147788,1,0.05152590572834015,0.025955714285373688,0.0028326658066362143,0.02329637110233307,1.0,0.35000014305114746,0.057285960763692856,0.15246795117855072,0.013418245129287243,0.0064972033724188805,0.9497790449255742
eval_2024_actuator_delay_medium_01,baseline,circle,actuator_delay,medium,5.3610510910962,0,0.0815461203455925,0.04025741666555405,0.014497105032205582,0.04850524663925171,1.0,0.34999990463256836,0.05262323468923569,0.3789893388748169,0.023799290880560875,0.0162968747317791,0.9216902002030523
eval_2024_actuator_delay_medium_01,adaptive,circle,actuator_delay,medium,5.3610510910962,0,0.08297371864318848,0.03804411366581917,0.014161142520606518,0.050673164427280426,1.0,0.34999990463256836,0.06064597889780998,0.37596142292022705,0.03205614164471626,0.014076048508286476,0.9203753356148672
eval_2024_actuator_delay_medium_02,baseline,sinusoid,actuator_delay,medium,7.473288303496755,0,0.04152554273605347,0.030026543885469437,0.03473051264882088,0.02181096374988556,1.0,0.34999990463256836,0.05409974232316017,0.13416391611099243,0.03473051264882088,0.018781550228595734,0.9593248312475687
eval_2024_actuator_delay_medium_02,adaptive,sinusoid,actuator_delay,medium,7.473288303496755,0,0.04097248241305351,0.029146282002329826,0.02642669342458248,0.020835602656006813,1.0,0.34999990463256836,0.06241621822118759,0.13544286787509918,0.031179653480648994,0.018838081508874893,0.9598555424927391
eval_2024_actuator_delay_medium_03,baseline,sinusoid,actuator_delay,medium,7.95743622822451,0,0.11463712900876999,0.05367273464798927,0.02762850932776928,0.050480835139751434,1.0,0.35000038146972656,0.05747578293085098,0.22401227056980133,0.02762850932776928,0.015686849132180214,0.891689653515596
eval_2024_actuator_delay_medium_03,adaptive,sinusoid,actuator_delay,medium,7.95743622822451,0,0.11526498198509216,0.05564981326460838,0.03623569384217262,0.049761537462472916,1.0,0.35000038146972656,0.071947380900383,0.2252485156059265,0.03623569384217262,0.017078226432204247,0.8911299792276496
eval_2024_actuator_delay_severe_00,baseline,circle,actuator_delay,severe,4.486702108471301,1,0.0731208473443985,0.043654464185237885,0.019484445452690125,0.022464558482170105,1.0,0.34999990463256836,0.05019329488277435,0.22912807762622833,0.028138989582657814,0.022751998156309128,0.9294884970218428
eval_2024_actuator_delay_severe_00,adaptive,circle,actuator_delay,severe,4.486702108471301,1,0.0734647810459137,0.04217544198036194,0.02040429785847664,0.021015265956521034,1.0,0.34999990463256836,0.08865084499120712,0.23029546439647675,0.025390688329935074,0.020983846858143806,0.9291688695710231
eval_2024_actuator_delay_severe_01,baseline,circle,actuator_delay,severe,6.16723205517321,0,0.10018552094697952,0.06589765846729279,0.059312645345926285,0.030194416642189026,1.0,0.34999990463256836,0.05689555034041405,0.5396103858947754,0.05952780321240425,0.04815977066755295,0.9046695673116971
eval_2024_actuator_delay_severe_01,adaptive,circle,actuator_delay,severe,6.16723205517321,0,0.09918730705976486,0.06423807144165039,0.039317045360803604,0.03145773336291313,1.0,0.34999990463256836,0.10963359475135803,0.5396569967269897,0.05138782039284706,0.0436578132212162,0.9055730719075221
eval_2024_actuator_delay_severe_02,baseline,sinusoid,actuator_delay,severe,5.828341635969963,0,0.06784288585186005,0.051806844770908356,0.0359383299946785,0.041001055389642715,1.0,0.35000038146972656,0.060407061129808426,0.4291248321533203,0.07349000126123428,0.05172878876328468,0.9344072706473068
eval_2024_actuator_delay_severe_02,adaptive,sinusoid,actuator_delay,severe,5.828341635969963,0,0.06706151366233826,0.05059606209397316,0.020037241280078888,0.03964350372552872,1.0,0.35000038146972656,0.2138809710741043,0.4460788071155548,0.07481281459331512,0.04970511049032211,0.9351376758242618
eval_2024_actuator_delay_severe_03,baseline,lane_change,actuator_delay,severe,6.900646995199559,0,0.14204002916812897,0.06400767713785172,0.008301588706672192,0.07560261338949203,1.0,0.34999990463256836,0.06703504174947739,0.3502732515335083,0.04517188295722008,0.015226645395159721,0.8675865270238663
eval_2024_actuator_delay_severe_03,adaptive,lane_change,actuator_delay,severe,6.900646995199559,0,0.1413387656211853,0.06305108964443207,0.010980857536196709,0.07212337106466293,1.0,0.34999990463256836,0.072168730199337,0.36240294575691223,0.04136009141802788,0.01664474792778492,0.8681951472057196
eval_2024_disturbance_burst_mild_00,baseline,sinusoid,disturbance_burst,mild,4.933100559687324,1,0.19141261279582977,0.12265149503946304,0.02728794328868389,0.0803368017077446,1.0,0.34999990463256836,0.09176557511091232,0.4953967332839966,0.512748122215271,0.1651928871870041,0.8257917855888549
eval_2024_disturbance_burst_mild_00,adaptive,sinusoid,disturbance_burst,mild,4.933100559687324,1,0.13820594549179077,0.09167197346687317,0.023000424727797508,0.05770565941929817,1.0,0.34999990463256836,0.10156518965959549,0.45116519927978516,0.3585686981678009,0.11349154263734818,0.8709193113692524
eval_2024_disturbance_burst_mild_01,baseline,figure8,disturbance_burst,mild,4.605226347692287,0,0.20327165722846985,0.1398875117301941,0.02285967953503132,0.10314275324344635,1.0,0.34999990463256836,0.11243698000907898,1.694264531135559,0.5551705956459045,0.1797276884317398,0.8160565236578646
eval_2024_disturbance_burst_mild_01,adaptive,figure8,disturbance_burst,mild,4.605226347692287,0,0.1462196707725525,0.11010073870420456,0.031051751226186752,0.08196578919887543,1.0,0.34999990463256836,0.12711594998836517,1.608477234840393,0.3800028860569,0.12916113436222076,0.8639678938429226
eval_2024_disturbance_burst_mild_02,baseline,sinusoid,disturbance_burst,mild,4.7294117020379645,0,0.24483849108219147,0.16650712490081787,0.007620878983289003,0.15193159878253937,1.0,0.34999990463256836,0.10971788316965103,0.7481308579444885,0.5517091155052185,0.20780810713768005,0.7828309622138281
eval_2024_disturbance_burst_mild_02,adaptive,sinusoid,disturbance_burst,mild,4.7294117020379645,0,0.1751687228679657,0.11705775558948517,0.0070716384798288345,0.11021402478218079,1.0,0.34999990463256836,0.1277235448360443,0.7102119326591492,0.36324700713157654,0.13036499917507172,0.8393153971210393
eval_2024_disturbance_burst_mild_03,baseline,sinusoid,disturbance_burst,mild,7.59097541764464,0,0.1900646984577179,0.12479276955127716,0.04656778275966644,0.19415324926376343,1.0,0.35000038146972656,0.10404125601053238,0.45382159948349,0.4762943685054779,0.25246304273605347,0.8269056326935433
eval_2024_disturbance_burst_mild_03,adaptive,sinusoid,disturbance_burst,mild,7.59097541764464,0,0.13371813297271729,0.09526295214891434,0.028677644208073616,0.1197657436132431,1.0,0.35000038146972656,0.10973506420850754,0.43887847661972046,0.31398674845695496,0.16628633439540863,0.8748366174508615
eval_2024_disturbance_burst_medium_00,baseline,figure8,disturbance_burst,medium,6.097631772482402,1,0.2927447557449341,0.18977758288383484,0.03558913990855217,0.18118099868297577,1.0,0.35000038146972656,0.10674381256103516,1.3594173192977905,0.7014236450195312,0.3225734829902649,0.7462125828663873
eval_2024_disturbance_burst_medium_00,adaptive,figure8,disturbance_burst,medium,6.097631772482402,1,0.21698904037475586,0.1467503011226654,0.028624277561903,0.1567225158214569,1.0,0.35000038146972656,0.1242339164018631,1.2880483865737915,0.5097988843917847,0.23172582685947418,0.8049387910841544
eval_2024_disturbance_burst_medium_01,baseline,figure8,disturbance_burst,medium,8.071859589892142,0,0.3443720042705536,0.23255589604377747,0.14382418990135193,0.11989594995975494,1.0,0.34999942779541016,0.1864546835422516,5.3737568855285645,0.7892577052116394,0.5417786836624146,0.7086652525080118
eval_2024_disturbance_burst_medium_01,adaptive,figure8,disturbance_burst,medium,8.071859589892142,0,0.2603452503681183,0.1874307096004486,0.0816541537642479,0.1018439531326294,1.0,0.34999942779541016,0.1976235955953598,4.965501308441162,0.581753134727478,0.39751997590065,0.7707854259082741
eval_2024_disturbance_burst_medium_02,baseline,lane_change,disturbance_burst,medium,4.267256216483231,0,0.2856040298938751,0.1904771476984024,0.02027922496199608,0.29677826166152954,1.0,0.34999990463256836,0.1084621399641037,1.114795446395874,0.6613848805427551,0.22557230293750763,0.7515601523885307
eval_2024_disturbance_burst_medium_02,adaptive,lane_change,disturbance_burst,medium,4.267256216483231,0,0.21674853563308716,0.1468472182750702,0.012583966366946697,0.19582395255565643,1.0,0.34999990463256836,0.11716736853122711,1.0215617418289185,0.4598189890384674,0.15663766860961914,0.8051324059618781
eval_2024_disturbance_burst_medium_03,baseline,spline,disturbance_burst,medium,7.534092907011387,0,0.227798730134964,0.137629896402359,0.07817862927913666,0.1803792268037796,1.0,0.34999990463256836,0.10039855539798737,0.8573891520500183,0.5961896777153015,0.3166339099407196,0.7962845117841858
eval_2024_disturbance_burst_medium_03,adaptive,spline,disturbance_burst,medium,7.534092907011387,0,0.158590167760849,0.09919847548007965,0.05689811706542969,0.1263483464717865,1.0,0.34999990463256836,0.11935769021511078,0.8421390056610107,0.4111734628677368,0.2146616131067276,0.8533460160223879
eval_2024_disturbance_burst_severe_00,baseline,lane_change,disturbance_burst,severe,5.950470236070746,1,0.25553154945373535,0.15418127179145813,0.010699101723730564,0.14982667565345764,1.0,0.34999990463256836,0.12864483892917633,1.9679367542266846,0.7285481095314026,0.24906684458255768,0.7745047009748267
eval_2024_disturbance_burst_severe_00,adaptive,lane_change,disturbance_burst,severe,5.950470236070746,1,0.18047396838665009,0.11442810297012329,0.013539152219891548,0.1110914871096611,1.0,0.34999990463256836,0.13728685677051544,1.934586524963379,0.5057267546653748,0.16426348686218262,0.8348744135420009
eval_2024_disturbance_burst_severe_01,baseline,lane_change,disturbance_burst,severe,4.4714119624766235,0,0.2796112895011902,0.16805602610111237,0.01862732507288456,0.15552157163619995,1.0,0.34999990463256836,0.09916235506534576,0.748526930809021,0.7617678046226501,0.22503530979156494,0.7560775796361521
eval_2024_disturbance_burst_severe_01,adaptive,lane_change,disturbance_burst,severe,4.4714119624766235,0,0.1999347060918808,0.12535396218299866,0.012244042009115219,0.11882256716489792,1.0,0.34999990463256836,0.10553059726953506,0.6528469920158386,0.5318816304206848,0.1541011929512024,0.8187842129538309
eval_2024_disturbance_burst_severe_02,baseline,lane_change,disturbance_burst,severe,7.5112529074229695,0,0.2754470705986023,0.1569753736257553,0.08756598830223083,0.1285051554441452,1.0,0.34999990463256836,0.09785445779561996,0.8335331678390503,0.7760568261146545,0.3500668704509735,0.7592326167584911
eval_2024_disturbance_burst_severe_02,adaptive,lane_change,disturbance_burst,severe,7.5112529074229695,0,0.1933712661266327,0.11758283525705338,0.06616590917110443,0.09361841529607773,1.0,0.34999990463256836,0.11558667570352554,0.7802073359489441,0.5178537368774414,0.24254225194454193,0.8241759287257541
eval_2024_disturbance_burst_severe_03,baseline,sinusoid,disturbance_burst,severe,6.974691916847835,0,0.3101203441619873,0.18679647147655487,0.0772622674703598,0.18843917548656464,1.0,0.34999990463256836,0.11132800579071045,1.6866016387939453,0.783266544342041,0.39994412660598755,0.7333586954759197
eval_2024_disturbance_burst_severe_03,adaptive,sinusoid,disturbance_burst,severe,6.974691916847835,0,0.23763707280158997,0.14555369317531586,0.07488711923360825,0.1459137499332428,1.0,0.34999990463256836,0.12721237540245056,1.6400796175003052,0.6002959609031677,0.30118444561958313,0.7884888032040211
eval_2025_friction_shift_mild_00,baseline,spline,friction_shift,mild,6.8894383771049075,1,0.08809150755405426,0.06726164370775223,0.09731965512037277,0.06844191998243332,1.0,0.34999990463256836,0.07085768133401871,0.8980040550231934,0.09731965512037277,0.06420494616031647,0.9156770815194036
eval_2025_friction_shift_mild_00,adaptive,spline,friction_shift,mild,6.8894383771049075,1,0.08304858207702637,0.06000857800245285,0.08522327989339828,0.06558548659086227,1.0,0.34999990463256836,0.07489977031946182,0.8923319578170776,0.08522327989339828,0.04750682786107063,0.9203064357358963
eval_2025_friction_shift_mild_01,baseline,figure8,friction_shift,mild,6.8425137367871995,0,0.1197599321603775,0.08276057988405228,0.06404927372932434,0.05012109875679016,1.0,0.35000038146972656,0.07119432836771011,1.0728005170822144,0.08946839720010757,0.05771324411034584,0.8871333833501136
eval_2025_friction_shift_mild_01,adaptive,figure8,friction_shift,mild,6.8425137367871995,0,0.11605551093816757,0.0760127604007721,0.02664131112396717,0.047723595052957535,1.0,0.35000038146972656,0.0722995176911354,1.105557918548584,0.07197463512420654,0.04737258702516556,0.8904257935543708
eval_2025_friction_shift_mild_02,baseline,lane_change,friction_shift,mild,8.15149847529994,0,0.06215487793087959,0.04103716090321541,0.03155794367194176,0.029284702613949776,1.0,0.35000038146972656,0.05802547186613083,0.19389230012893677,0.0360226184129715,0.025572149083018303,0.9397373309462985
eval_2025_friction_shift_mild_02,adaptive,lane_change,friction_shift,mild,8.15149847529994,0,0.06066809594631195,0.038863759487867355,0.01814369112253189,0.03138269484043121,1.0,0.35000038146972656,0.0609908327460289,0.19893991947174072,0.02282257005572319,0.016082270070910454,0.9411355546495145
eval_2025_friction_shift_mild_03,baseline,sinusoid,friction_shift,mild,7.526758740788915,0,0.20897948741912842,0.09348955750465393,0.010420458391308784,0.10257218033075333,1.0,0.34999990463256836,0.0665978342294693,0.4541785717010498,0.04537827521562576,0.02756546624004841,0.8114118796245063
eval_2025_friction_shift_mild_03,adaptive,sinusoid,friction_shift,mild,7.526758740788915,0,0.2076762318611145,0.08930504322052002,0.023350287228822708,0.10166307538747787,1.0,0.34999990463256836,0.07744567841291428,0.46340295672416687,0.03787091374397278,0.024192500859498978,0.812470046047329
eval_2025_friction_shift_medium_00,baseline,circle,friction_shift,medium,5.33946324267878,1,0.06784933060407639,0.048400070518255234,0.055502478033304214,0.02164902351796627,1.0,0.35000038146972656,0.05647284537553787,0.116977259516716,0.05727950111031532,0.046647995710372925,0.9344012486433835
eval_2025_friction_shift_medium_00,adaptive,circle,friction_shift,medium,5.33946324267878,1,0.06090417876839638,0.03741230070590973,0.029755210503935814,0.020571740344166756,1.0,0.35000038146972656,0.058632977306842804,0.11901585012674332,0.036520346999168396,0.028480540961027145,0.9409133949368866
eval_2025_friction_shift_medium_01,baseline,spline,friction_shift,medium,6.906347636782948,0,0.047063831239938736,0.036158375442028046,0.07894691079854965,0.031151605769991875,1.0,0.34999990463256836,0.052556362003088,0.20747651159763336,0.07894691079854965,0.046877674758434296,0.9540264989524115
eval_2025_friction_shift_medium_01,adaptive,spline,friction_shift,medium,6.906347636782948,0,0.040577057749032974,0.02835017256438732,0.03477400168776512,0.02922067418694496,1.0,0.34999990463256836,0.057991623878479004,0.21227087080478668,0.04376750811934471,0.03092369996011257,0.9602351680998551
eval_2025_friction_shift_medium_02,baseline,lane_change,friction_shift,medium,7.780455708974332,0,0.1722279042005539,0.08579670637845993,0.04104895517230034,0.058059245347976685,1.0,0.35000038146972656,0.061010804027318954,0.29825127124786377,0.04776240885257721,0.03410273790359497,0.8417873044428307
eval_2025_friction_shift_medium_02,adaptive,lane_change,friction_shift,medium,7.780455708974332,0,0.1692844182252884,0.07774709910154343,0.02420448139309883,0.055091485381126404,1.0,0.35000038146972656,0.06344137340784073,0.3041895925998688,0.029076818376779556,0.021062318235635757,0.8442687438169911
eval_2025_friction_shift_medium_03,baseline,sinusoid,friction_shift,medium,7.9861067437392155,0,0.14697609841823578,0.08876469731330872,0.06414138525724411,0.06267295032739639,1.0,0.35000038146972656,0.06161719188094139,0.8648009300231934,0.11182548105716705,0.07446441799402237,0.8633146117545029
eval_2025_friction_shift_medium_03,adaptive,sinusoid,friction_shift,medium,7.9861067437392155,0,0.14324907958507538,0.0826292484998703,0.04058152064681053,0.06099947169423103,1.0,0.35000038146972656,0.06725601851940155,0.8750259876251221,0.07359381765127182,0.05427170544862747,0.8665382050364023
eval_2025_friction_shift_severe_00,baseline,figure8,friction_shift,severe,3.557828013143357,1,0.1288718432188034,0.10934630781412125,0.1451473832130432,0.05442676693201065,1.0,0.34999990463256836,0.0571967214345932,0.38569578528404236,0.17791269719600677,0.11496249586343765,0.8790866192382762
eval_2025_friction_shift_severe_00,adaptive,figure8,friction_shift,severe,3.557828013143357,1,0.10303299129009247,0.08203002065420151,0.09383057802915573,0.043326057493686676,1.0,0.34999990463256836,0.06165745481848717,0.39366477727890015,0.1145780086517334,0.07681587338447571,0.9020972116397776
eval_2025_friction_shift_severe_01,baseline,circle,friction_shift,severe,5.454756276264584,0,0.06092609465122223,0.050681229680776596,0.06802909821271896,0.04036155343055725,1.0,0.34999990463256836,0.05240780487656593,0.3746226727962494,0.06802909821271896,0.05492694675922394,0.9408927742151354
eval_2025_friction_shift_severe_01,adaptive,circle,friction_shift,severe,5.454756276264584,0,0.050791315734386444,0.03967640548944473,0.035329319536685944,0.03576115891337395,1.0,0.34999990463256836,0.06741879135370255,0.38282427191734314,0.04271288216114044,0.032129041850566864,0.9504769994322558
eval_2025_friction_shift_severe_02,baseline,spline,friction_shift,severe,4.132360936373553,0,0.15590691566467285,0.10579870641231537,0.09051888436079025,0.07986155897378922,1.0,0.34999990463256836,0.06102759763598442,0.5049218535423279,0.12618254125118256,0.08909567445516586,0.8556388332362813
eval_2025_friction_shift_severe_02,adaptive,spline,friction_shift,severe,4.132360936373553,0,0.14529255032539368,0.08479160815477371,0.05369529873132706,0.0702146664261818,1.0,0.34999990463256836,0.0628986731171608,0.5161119103431702,0.08616607636213303,0.058604247868061066,0.8647692675705756
eval_2025_friction_shift_severe_03,baseline,spline,friction_shift,severe,5.663124182204214,0,0.13381072878837585,0.07723353058099747,0.05236555263400078,0.03931298106908798,1.0,0.34999990463256836,0.05673413723707199,0.24917438626289368,0.05236555263400078,0.040580470114946365,0.874755614991003
eval_2025_friction_shift_severe_03,adaptive,spline,friction_shift,severe,5.663124182204214,0,0.12851879000663757,0.06388846784830093,0.02589944750070572,0.038500022143125534,1.0,0.34999990463256836,0.0570768266916275,0.25377076864242554,0.028385618701577187,0.021428121253848076,0.8793970383869847
eval_2025_mass_shift_mild_00,baseline,circle,mass_shift,mild,4.586020602497556,1,0.10217329114675522,0.06514131277799606,0.04679044336080551,0.023694805800914764,1.0,0.35000038146972656,0.04947161674499512,0.16531383991241455,0.06341927498579025,0.04377307742834091,0.9028730782004393
eval_2025_mass_shift_mild_00,adaptive,circle,mass_shift,mild,4.586020602497556,1,0.10271701961755753,0.06570400297641754,0.03318792209029198,0.0325336754322052,1.0,0.35000038146972656,0.07077117264270782,0.1703399121761322,0.07267841696739197,0.04500649496912956,0.9023822938411067
eval_2025_mass_shift_mild_01,baseline,spline,mass_shift,mild,6.798745798476926,0,0.14798790216445923,0.10081236809492111,0.1651538908481598,0.09437607228755951,1.0,0.34999990463256836,0.07079369574785233,0.9903521537780762,0.2594830393791199,0.1393696516752243,0.8624415485549511
eval_2025_mass_shift_mild_01,adaptive,spline,mass_shift,mild,6.798745798476926,0,0.1169922798871994,0.07234665006399155,0.0628013163805008,0.07090477645397186,1.0,0.34999990463256836,0.0779801532626152,0.9630444645881653,0.13234981894493103,0.07317274063825607,0.8895920608879581
eval_2025_mass_shift_mild_02,baseline,spline,mass_shift,mild,4.2627093667726115,0,0.16559475660324097,0.13600827753543854,0.12869322299957275,0.12467299401760101,1.0,0.34999990463256836,0.07943519204854965,1.7247339487075806,0.27242645621299744,0.14511021971702576,0.8473895636438532
eval_2025_mass_shift_mild_02,adaptive,spline,mass_shift,mild,4.2627093667726115,0,0.10965579748153687,0.07865232974290848,0.025257091969251633,0.08215275406837463,1.0,0.34999990463256836,0.08766929060220718,1.6229134798049927,0.123146191239357,0.05725817382335663,0.8961425367352537
eval_2025_mass_shift_mild_03,baseline,circle,mass_shift,mild,7.957854498448114,0,0.10970381647348404,0.07531282305717468,0.17232389748096466,0.044770125299692154,1.0,0.35000038146972656,0.06366893649101257,1.0233180522918701,0.17232389748096466,0.11907399445772171,0.8960995059071555
eval_2025_mass_shift_mild_03,adaptive,circle,mass_shift,mild,7.957854498448114,0,0.0928095355629921,0.061740290373563766,0.12041216343641281,0.0366295650601387,1.0,0.35000038146972656,0.07309219986200333,1.0111147165298462,0.12041216343641281,0.07480064779520035,0.9113670667817765
eval_2025_mass_shift_medium_00,baseline,figure8,mass_shift,medium,5.171510461388692,1,0.22076521813869476,0.16714727878570557,0.37705278396606445,0.08963610976934433,0.0,0.34999990463256836,0.0659189447760582,1.9846241474151611,0.43498605489730835,0.26016002893447876,0.4811429585536112
eval_2025_mass_shift_medium_00,adaptive,figure8,mass_shift,medium,5.171510461388692,1,0.13002455234527588,0.10319691151380539,0.18405836820602417,0.05889502167701721,1.0,0.34999990463256836,0.08337599784135818,1.8649855852127075,0.25074735283851624,0.14686962962150574,0.8780738718830198
eval_2025_mass_shift_medium_01,baseline,circle,mass_shift,medium,6.598261853855898,0,0.1507876217365265,0.11290151625871658,0.23411068320274353,0.06990090757608414,1.0,0.35000038146972656,0.05767611041665077,0.7999172806739807,0.23411068320274353,0.16523493826389313,0.860030331013183
eval_2025_mass_shift_medium_01,adaptive,circle,mass_shift,medium,6.598261853855898,0,0.11839884519577026,0.0875164195895195,0.12669797241687775,0.053286194801330566,1.0,0.35000038146972656,0.07323820143938065,0.7827719449996948,0.13809652626514435,0.1084996908903122,0.8883416711399043
eval_2025_mass_shift_medium_02,baseline,spline,mass_shift,medium,4.644685974633748,0,0.21053792536258698,0.15013113617897034,0.20960552990436554,0.16840526461601257,1.0,0.34999990463256836,0.06662571430206299,0.7307971715927124,0.2732495963573456,0.13960766792297363,0.810148329401567
eval_2025_mass_shift_medium_02,adaptive,spline,mass_shift,medium,4.644685974633748,0,0.17781208455562592,0.11187204718589783,0.06602514535188675,0.13318711519241333,1.0,0.34999990463256836,0.07960990071296692,0.7121954560279846,0.16164693236351013,0.07795381546020508,0.8370997126742642
eval_2025_mass_shift_medium_03,baseline,spline,mass_shift,medium,5.4188932680776825,0,0.22342392802238464,0.15648552775382996,0.3768700063228607,0.1259327083826065,0.0,0.34999990463256836,0.07014646381139755,1.6107099056243896,0.5302760601043701,0.24171729385852814,0.47986543804497656
eval_2025_mass_shift_medium_03,adaptive,spline,mass_shift,medium,5.4188932680776825,0,0.12480118125677109,0.09677240997552872,0.13664835691452026,0.0924653559923172,1.0,0.34999990463256836,0.078031025826931,1.5148228406906128,0.27196943759918213,0.13245649635791779,0.8826723769528894
eval_2025_mass_shift_severe_00,baseline,lane_change,mass_shift,severe,5.890987253879892,1,0.08225768804550171,0.05431164428591728,0.011076079681515694,0.03514758497476578,1.0,0.34999990463256836,0.08560086786746979,0.8885394334793091,0.1108979806303978,0.045373234897851944,0.9210345885109797
eval_2025_mass_shift_severe_00,adaptive,lane_change,mass_shift,severe,5.890987253879892,1,0.07677606493234634,0.04827041178941727,0.012248720973730087,0.03091328777372837,1.0,0.34999990463256836,0.09068083763122559,0.8860441446304321,0.0833304300904274,0.03337110951542854,0.9260972160304952
eval_2025_mass_shift_severe_01,baseline,figure8,mass_shift,severe,5.152638702470261,0,0.2457326352596283,0.1743454784154892,0.5746787786483765,0.21947039663791656,0.0,0.34999990463256836,0.07485984265804291,1.9577412605285645,0.5746787786483765,0.2587422728538513,0.4692787867848318
eval_2025_mass_shift_severe_01,adaptive,figure8,mass_shift,severe,5.152638702470261,0,0.16516774892807007,0.12157368659973145,0.39664965867996216,0.15563683211803436,0.0,0.34999990463256836,0.0813574492931366,1.982792615890503,0.39664965867996216,0.16981959342956543,0.5086508896542055
eval_2025_mass_shift_severe_02,baseline,lane_change,mass_shift,severe,4.461226334629911,0,0.13189424574375153,0.09556420147418976,0.008208636194467545,0.08165688812732697,1.0,0.34999990463256836,0.06190088763833046,0.42034727334976196,0.31010186672210693,0.11752890050411224,0.8764336767701832
eval_2025_mass_shift_severe_02,adaptive,lane_change,mass_shift,severe,4.461226334629911,0,0.08430685847997665,0.06329398602247238,0.01293234247714281,0.05149560794234276,1.0,0.34999990463256836,0.0840417891740799,0.4406501352787018,0.17430232465267181,0.06430142372846603,0.9191491641008102
eval_2025_mass_shift_severe_03,baseline,lane_change,mass_shift,severe,4.468562491772769,0,0.17919449508190155,0.11030026525259018,0.027655044570565224,0.06780087947845459,1.0,0.34999990463256836,0.06115934997797012,0.33821186423301697,0.20326995849609375,0.07759464532136917,0.8359432967248766
eval_2025_mass_shift_severe_03,adaptive,lane_change,mass_shift,severe,4.468562491772769,0,0.16680647432804108,0.08847541362047195,0.002905550878494978,0.04946308210492134,1.0,0.34999990463256836,0.0855865627527237,0.36243119835853577,0.11768533289432526,0.04402868077158928,0.8463633885326184
eval_2025_actuator_delay_mild_00,baseline,spline,actuator_delay,mild,5.713899710267819,1,0.06841067969799042,0.042375121265649796,0.027109619230031967,0.03898867964744568,1.0,0.34999990463256836,0.06050275266170502,0.33264824748039246,0.04612300917506218,0.025847261771559715,0.9338768705424612
eval_2025_actuator_delay_mild_00,adaptive,spline,actuator_delay,mild,5.713899710267819,1,0.06806156039237976,0.04148845002055168,0.029001083225011826,0.03132854029536247,1.0,0.34999990463256836,0.06858312338590622,0.31890299916267395,0.03381538763642311,0.022950876504182816,0.934202961906114
eval_2025_actuator_delay_mild_01,baseline,circle,actuator_delay,mild,8.091183920153203,0,0.08504727482795715,0.04219736531376839,0.00554526736959815,0.04025235399603844,1.0,0.34999942779541016,0.05531346797943115,0.2775067985057831,0.014597606845200062,0.011559071019291878,0.9184688629176154
eval_2025_actuator_delay_mild_01,adaptive,circle,actuator_delay,mild,8.091183920153203,0,0.08562248945236206,0.04977620020508766,0.0046949186362326145,0.04334621503949165,1.0,0.34999942779541016,0.059515662491321564,0.27878305315971375,0.025495484471321106,0.014841491356492043,0.9179406981142271
eval_2025_actuator_delay_mild_02,baseline,spline,actuator_delay,mild,7.722943475259305,0,0.09262178838253021,0.05077620968222618,0.007465234491974115,0.0458320714533329,1.0,0.35000038146972656,0.06093277037143707,0.17614740133285522,0.034160371869802475,0.022081870585680008,0.9115381894423265
eval_2025_actuator_delay_mild_02,adaptive,spline,actuator_delay,mild,7.722943475259305,0,0.09163285046815872,0.04782944917678833,0.0008462012629024684,0.04492640122771263,1.0,0.35000038146972656,0.13825717568397522,0.18797273933887482,0.03386395052075386,0.01622025854885578,0.9124400900065902
eval_2025_actuator_delay_mild_03,baseline,spline,actuator_delay,mild,6.6641387401977665,0,0.10057906806468964,0.05561245605349541,0.026321060955524445,0.03601576387882233,1.0,0.34999990463256836,0.056320078670978546,0.2807733714580536,0.06178150326013565,0.033872175961732864,0.9043136072591221
eval_2025_actuator_delay_mild_03,adaptive,spline,actuator_delay,mild,6.6641387401977665,0,0.09938868880271912,0.053346697241067886,0.022724725306034088,0.03174158185720444,1.0,0.34999990463256836,0.09722666442394257,0.2815253436565399,0.05734872817993164,0.031514909118413925,0.9053907243852761
eval_2025_actuator_delay_medium_00,baseline,figure8,actuator_delay,medium,7.937893670738321,1,0.06585506349802017,0.037439968436956406,0.023974237963557243,0.035862818360328674,1.0,0.34999990463256836,0.05243484303355217,0.2956938147544861,0.03099931962788105,0.020571738481521606,0.9362665536574181
eval_2025_actuator_delay_medium_00,adaptive,figure8,actuator_delay,medium,7.937893670738321,1,0.06404383480548859,0.03988943621516228,0.026119384914636612,0.03187388554215431,1.0,0.34999990463256836,0.05540633946657181,0.2974276840686798,0.027402928099036217,0.02142646349966526,0.9379638831651983
eval_2025_actuator_delay_medium_01,baseline,circle,actuator_delay,medium,4.274921494363141,0,0.09360074996948242,0.059898391366004944,0.03346725553274155,0.026631953194737434,1.0,0.34999990463256836,0.05859334394335747,0.9000896215438843,0.04824358969926834,0.038900867104530334,0.9106462652208306
eval_2025_actuator_delay_medium_01,adaptive,circle,actuator_delay,medium,4.274921494363141,0,0.09330116957426071,0.058211520314216614,0.025580119341611862,0.025872543454170227,1.0,0.34999990463256836,0.09181572496891022,0.9014167785644531,0.045017581433057785,0.03610030189156532,0.9109191178574823
eval_2025_actuator_delay_medium_02,baseline,figure8,actuator_delay,medium,4.150435653845764,0,0.057102020829916,0.0530506856739521,0.07670820504426956,0.03852517530322075,1.0,0.34999990463256836,0.056790791451931,0.4852721095085144,0.09430565685033798,0.057187434285879135,0.9444977060112512
eval_2025_actuator_delay_medium_02,adaptive,figure8,actuator_delay,medium,4.150435653845764,0,0.051541585475206375,0.04762408137321472,0.07409555464982986,0.034978870302438736,1.0,0.34999990463256836,0.07442344725131989,0.48559263348579407,0.08604961633682251,0.04986931383609772,0.9497641527473241
eval_2025_actuator_delay_medium_03,baseline,lane_change,actuator_delay,medium,7.520169707829968,0,0.045168593525886536,0.030750500038266182,0.006421381141990423,0.04409656673669815,1.0,0.34999990463256836,0.06341841071844101,0.2201252281665802,0.11223559826612473,0.039846792817115784,0.9558363204326651
eval_2025_actuator_delay_medium_03,adaptive,lane_change,actuator_delay,medium,7.520169707829968,0,0.042534321546554565,0.0311124287545681,0.014004485681653023,0.03992629423737526,1.0,0.34999990463256836,0.069867342710495,0.21939441561698914,0.09399036318063736,0.0346546396613121,0.9583575726424376
eval_2025_actuator_delay_severe_00,baseline,sinusoid,actuator_delay,severe,6.489380437025267,1,0.12218060344457626,0.06451436877250671,0.026616258546710014,0.046618878841400146,1.0,0.34999990463256836,0.054947759956121445,0.30750712752342224,0.026616258546710014,0.018452472984790802,0.884988522093155
eval_2025_actuator_delay_severe_00,adaptive,sinusoid,actuator_delay,severe,6.489380437025267,1,0.12349215894937515,0.0612642727792263,0.026587406173348427,0.04771536588668823,1.0,0.34999990463256836,0.060486454516649246,0.3036227226257324,0.026587406173348427,0.00981147587299347,0.8838285713614804
eval_2025_actuator_delay_severe_01,baseline,lane_change,actuator_delay,severe,3.605068967186215,0,0.1347588300704956,0.07412216812372208,0.01123750489205122,0.11173716932535172,1.0,0.34999990463256836,0.059859391301870346,0.2329249382019043,0.1418987512588501,0.036479219794273376,0.8739266511038467
eval_2025_actuator_delay_severe_01,adaptive,lane_change,actuator_delay,severe,3.605068967186215,0,0.13083571195602417,0.06742986291646957,0.011219928972423077,0.10159467160701752,1.0,0.34999990463256836,0.11209341883659363,0.23746603727340698,0.0983486995100975,0.027362022548913956,0.8773619026222875
eval_2025_actuator_delay_severe_02,baseline,lane_change,actuator_delay,severe,6.892933630426645,0,0.10551485419273376,0.06747180223464966,0.026225116103887558,0.08086801320314407,1.0,0.34999990463256836,0.06385563313961029,0.3591513931751251,0.20848801732063293,0.08003142476081848,0.8998611060372044
eval_2025_actuator_delay_severe_02,adaptive,lane_change,actuator_delay,severe,6.892933630426645,0,0.0980682522058487,0.0616883784532547,0.007845090702176094,0.07153814285993576,1.0,0.34999990463256836,0.07749926298856735,0.3659612238407135,0.16554036736488342,0.06302186846733093,0.9065870250780115
eval_2025_actuator_delay_severe_03,baseline,lane_change,actuator_delay,severe,6.257844639376997,0,0.13866938650608063,0.07296832650899887,0.012667350471019745,0.04416273906826973,1.0,0.34999990463256836,0.06216925010085106,0.2640620172023773,0.09952859580516815,0.03501114249229431,0.8705157851527487
eval_2025_actuator_delay_severe_03,adaptive,lane_change,actuator_delay,severe,6.257844639376997,0,0.13815709948539734,0.07112107425928116,0.012162875384092331,0.03971954435110092,1.0,0.34999990463256836,0.06552564352750778,0.2636035680770874,0.08204668015241623,0.026442663744091988,0.870961853338498
eval_2025_disturbance_burst_mild_00,baseline,sinusoid,disturbance_burst,mild,3.5147657636806313,1,0.20770710706710815,0.1299079805612564,0.0136788384988904,0.12029718607664108,1.0,0.35000014305114746,0.08456036448478699,0.42369478940963745,0.47753581404685974,0.11832020431756973,0.8124449612545446
eval_2025_disturbance_burst_mild_00,adaptive,sinusoid,disturbance_burst,mild,3.5147657636806313,1,0.1668546050786972,0.0999128445982933,0.008759021759033203,0.09520655870437622,1.0,0.35000014305114746,0.11114145815372467,0.39233121275901794,0.3183572292327881,0.07740022242069244,0.8463226534077144
eval_2025_disturbance_burst_mild_01,baseline,sinusoid,disturbance_burst,mild,6.320994445384316,0,0.23063966631889343,0.14984345436096191,0.038634687662124634,0.16178420186042786,1.0,0.35000038146972656,0.09821730107069016,0.7182536721229553,0.5698893070220947,0.25244829058647156,0.7940255286347784
eval_2025_disturbance_burst_mild_01,adaptive,sinusoid,disturbance_burst,mild,6.320994445384316,0,0.16425064206123352,0.11067130416631699,0.017680084332823753,0.11924023181200027,1.0,0.35000038146972656,0.11235232651233673,0.6661023497581482,0.3810983896255493,0.16902196407318115,0.8485293180877592
eval_2025_disturbance_burst_mild_02,baseline,figure8,disturbance_burst,mild,7.936387951601262,0,0.216346874833107,0.1589874029159546,0.03532254323363304,0.14118482172489166,1.0,0.34999990463256836,0.13310271501541138,2.4455020427703857,0.4434306025505066,0.27228209376335144,0.8054558610434115
eval_2025_disturbance_burst_mild_02,adaptive,figure8,disturbance_burst,mild,7.936387951601262,0,0.17020012438297272,0.12517189979553223,0.017399854958057404,0.11352378129959106,1.0,0.34999990463256836,0.13819380104541779,2.4495813846588135,0.2959338128566742,0.18079043924808502,0.8434959955886899
eval_2025_disturbance_burst_mild_03,baseline,lane_change,disturbance_burst,mild,5.67824984570286,0,0.18231651186943054,0.11690612137317657,0.012943526729941368,0.106974296271801,1.0,0.34999990463256836,0.0987759456038475,0.5657317042350769,0.4474813938140869,0.16306479275226593,0.8333375374477081
eval_2025_disturbance_burst_mild_03,adaptive,lane_change,disturbance_burst,mild,5.67824984570286,0,0.13131213188171387,0.08650700002908707,0.009168148040771484,0.07303252816200256,1.0,0.34999990463256836,0.1085500568151474,0.5625200867652893,0.2868543565273285,0.1029311940073967,0.8769440094840505
eval_2025_disturbance_burst_medium_00,baseline,sinusoid,disturbance_burst,medium,7.933797263996703,1,0.24354706704616547,0.13912510871887207,0.09699951857328415,0.10505610704421997,1.0,0.34999990463256836,0.09389174729585648,0.8462405800819397,0.6705731153488159,0.34432533383369446,0.7838425820090396
eval_2025_disturbance_burst_medium_00,adaptive,sinusoid,disturbance_burst,medium,7.933797263996703,1,0.17206250131130219,0.10374460369348526,0.07313523441553116,0.07414279878139496,1.0,0.34999990463256836,0.106239914894104,0.7779097557067871,0.4686855971813202,0.23456880450248718,0.841926550010613
eval_2025_disturbance_burst_medium_01,baseline,sinusoid,disturbance_burst,medium,7.832512235716881,0,0.22808793187141418,0.13729462027549744,0.08075927942991257,0.13211053609848022,1.0,0.34999990463256836,0.09833089262247086,0.7829015851020813,0.5968822240829468,0.3317703604698181,0.7960542582171399
eval_2025_disturbance_burst_medium_01,adaptive,sinusoid,disturbance_burst,medium,7.832512235716881,0,0.15763112902641296,0.10115918517112732,0.04505603015422821,0.09470771998167038,1.0,0.34999990463256836,0.11429325491189957,0.7605719566345215,0.4090827703475952,0.22220169007778168,0.8541648004658715
eval_2025_disturbance_burst_medium_02,baseline,figure8,disturbance_burst,medium,7.456206634076961,0,0.22153013944625854,0.1757906675338745,0.05030263215303421,0.07937612384557724,1.0,0.34999990463256836,0.17849929630756378,5.4212212562561035,0.5187996029853821,0.28925028443336487,0.8012917712937117
eval_2025_disturbance_burst_medium_02,adaptive,figure8,disturbance_burst,medium,7.456206634076961,0,0.17499740421772003,0.14467009902000427,0.03436215594410896,0.06073985993862152,1.0,0.34999990463256836,0.18317513167858124,5.598595142364502,0.40446051955223083,0.22979040443897247,0.8394591998196949
eval_2025_disturbance_burst_medium_03,baseline,figure8,disturbance_burst,medium,5.176976097000468,0,0.25292620062828064,0.15988020598888397,0.004538266453891993,0.11324623972177505,1.0,0.34999990463256836,0.11458267271518707,2.0892858505249023,0.6599998474121094,0.21120136976242065,0.7765251867800855
eval_2025_disturbance_burst_medium_03,adaptive,figure8,disturbance_burst,medium,5.176976097000468,0,0.19488123059272766,0.12774260342121124,0.0063798013143241405,0.08125899732112885,1.0,0.34999990463256836,0.12341611832380295,2.014676570892334,0.47225478291511536,0.15547843277454376,0.8229323914443922
eval_2025_disturbance_burst_severe_00,baseline,lane_change,disturbance_burst,severe,5.914882940510166,1,0.31296101212501526,0.1991204470396042,0.011844542808830738,0.16020894050598145,1.0,0.34999990463256836,0.13146492838859558,2.235078811645508,0.7768268585205078,0.3165132999420166,0.7312784230048329
eval_2025_disturbance_burst_severe_00,adaptive,lane_change,disturbance_burst,severe,5.914882940510166,1,0.23199033737182617,0.15203416347503662,0.009302115067839622,0.12897486984729767,1.0,0.34999990463256836,0.13956646621227264,1.9387643337249756,0.5367583632469177,0.22275370359420776,0.7929537852872525
eval_2025_disturbance_burst_severe_01,baseline,spline,disturbance_burst,severe,7.673078371370083,0,0.27469608187675476,0.17263975739479065,0.0749674066901207,0.14198759198188782,1.0,0.34999990463256836,0.11102589964866638,1.2727738618850708,0.6936349272727966,0.3689247965812683,0.7598030060420875
eval_2025_disturbance_burst_severe_01,adaptive,spline,disturbance_burst,severe,7.673078371370083,0,0.20499131083488464,0.13503655791282654,0.04605567455291748,0.10370797663927078,1.0,0.34999990463256836,0.12110061198472977,1.211415410041809,0.46651726961135864,0.25988897681236267,0.8146543950472113
eval_2025_disturbance_burst_severe_02,baseline,circle,disturbance_burst,severe,4.54409380347901,0,0.3935807943344116,0.253930002450943,0.025444183498620987,0.21763676404953003,1.0,0.34999990463256836,0.1208641305565834,1.505687952041626,0.9236749410629272,0.35850289463996887,0.6746368085429756
eval_2025_disturbance_burst_severe_02,adaptive,circle,disturbance_burst,severe,4.54409380347901,0,0.3068706691265106,0.20316536724567413,0.025753231719136238,0.15893881022930145,1.0,0.34999990463256836,0.15974925458431244,1.4154996871948242,0.6917387247085571,0.27658483386039734,0.7357457493947375
eval_2025_disturbance_burst_severe_03,baseline,spline,disturbance_burst,severe,5.533570445791907,0,0.2890619933605194,0.17403753101825714,0.0052697076462209225,0.17472366988658905,1.0,0.34999990463256836,0.09794306755065918,1.0642024278640747,0.813361644744873,0.2711627185344696,0.7489657730582497
eval_2025_disturbance_burst_severe_03,adaptive,spline,disturbance_burst,severe,5.533570445791907,0,0.21548700332641602,0.13272085785865784,0.009252192452549934,0.13315345346927643,1.0,0.34999990463256836,0.107053741812706,1.0357811450958252,0.60115647315979,0.19912876188755035,0.8061487474421636
eval_2026_friction_shift_mild_00,baseline,spline,friction_shift,mild,7.698434073107828,1,0.07620074599981308,0.049156345427036285,0.05408282205462456,0.02348211221396923,1.0,0.34999990463256836,0.06585824489593506,0.9136605858802795,0.06012973561882973,0.04645616188645363,0.926630170586967
eval_2026_friction_shift_mild_00,adaptive,spline,friction_shift,mild,7.698434073107828,1,0.06895146518945694,0.04469668120145798,0.02237512171268463,0.01892768405377865,1.0,0.34999990463256836,0.06784750521183014,0.9216258525848389,0.05000310763716698,0.03222587704658508,0.9333719800110972
eval_2026_friction_shift_mild_01,baseline,figure8,friction_shift,mild,3.793142060294959,0,0.05636212229728699,0.04935021698474884,0.054246935993433,0.04167034476995468,1.0,0.35000014305114746,0.08496920019388199,1.5811909437179565,0.07479251176118851,0.045560240745544434,0.9451967970743331
eval_2026_friction_shift_mild_01,adaptive,figure8,friction_shift,mild,3.793142060294959,0,0.04663078114390373,0.03725875914096832,0.012530225329101086,0.0325622521340847,1.0,0.35000014305114746,0.08800553530454636,1.6357524394989014,0.03916920721530914,0.0253914687782526,0.9544397296877497
eval_2026_friction_shift_mild_02,baseline,figure8,friction_shift,mild,5.125286705235169,0,0.0942925214767456,0.07432392984628677,0.08264962583780289,0.059514615684747696,1.0,0.34999990463256836,0.13252335786819458,4.257482528686523,0.11563368141651154,0.07289677858352661,0.9100165239250113
eval_2026_friction_shift_mild_02,adaptive,figure8,friction_shift,mild,5.125286705235169,0,0.08340762555599213,0.055729981511831284,0.05510159581899643,0.042679958045482635,1.0,0.34999990463256836,0.13619589805603027,4.40412712097168,0.06970085203647614,0.03914911672472954,0.9199760650237692
eval_2026_friction_shift_mild_03,baseline,lane_change,friction_shift,mild,5.291563046978458,0,0.10238456726074219,0.055224720388650894,0.022727249190211296,0.05199457332491875,1.0,0.34999990463256836,0.05603313073515892,0.19002844393253326,0.03728757053613663,0.0244680717587471,0.9026823428346765
eval_2026_friction_shift_mild_03,adaptive,lane_change,friction_shift,mild,5.291563046978458,0,0.10039398074150085,0.05009899288415909,0.016244789585471153,0.0526241734623909,1.0,0.34999990463256836,0.05772227421402931,0.19533224403858185,0.02619999833405018,0.017031388357281685,0.9044809997346477
eval_2026_friction_shift_medium_00,baseline,lane_change,friction_shift,medium,3.4462189702995936,1,0.0893927812576294,0.07637321203947067,0.07188042253255844,0.034879542887210846,1.0,0.34999990463256836,0.09006354212760925,1.1168107986450195,0.1646651029586792,0.08433711528778076,0.9144863099401567
eval_2026_friction_shift_medium_00,adaptive,lane_change,friction_shift,medium,3.4462189702995936,1,0.0638946071267128,0.05294464901089668,0.04461422562599182,0.028401553630828857,1.0,0.34999990463256836,0.09280214458703995,1.1590393781661987,0.09703365713357925,0.05058211460709572,0.9381038637824901
eval_2026_friction_shift_medium_01,baseline,spline,friction_shift,medium,7.334907455576461,0,0.10020940750837326,0.06480207294225693,0.08540941774845123,0.06415865570306778,1.0,0.35000038146972656,0.05365411564707756,0.17729681730270386,0.09040261059999466,0.06946979463100433,0.9046479581246221
eval_2026_friction_shift_medium_01,adaptive,spline,friction_shift,medium,7.334907455576461,0,0.09301625937223434,0.05337768420577049,0.050121136009693146,0.06232516095042229,1.0,0.35000038146972656,0.05416224151849747,0.17989276349544525,0.05706621706485748,0.04054573178291321,0.9111786849822859
eval_2026_friction_shift_medium_02,baseline,circle,friction_shift,medium,7.394072944675645,0,0.20602531731128693,0.1133539155125618,0.07647237181663513,0.07381511479616165,1.0,0.34999990463256836,0.06211002543568611,0.6564977765083313,0.07984158396720886,0.06392931938171387,0.8138124724784105
eval_2026_friction_shift_medium_02,adaptive,circle,friction_shift,medium,7.394072944675645,0,0.20253823697566986,0.10179027169942856,0.040288712829351425,0.07188540697097778,1.0,0.34999990463256836,0.06532415002584457,0.6667563319206238,0.04871787875890732,0.04054383561015129,0.8166552555739631
eval_2026_friction_shift_medium_03,baseline,spline,friction_shift,medium,5.384673717410805,0,0.13813567161560059,0.07216759771108627,0.027659913524985313,0.035801682621240616,1.0,0.34999990463256836,0.06708403676748276,0.45196059346199036,0.056550830602645874,0.034005142748355865,0.8709805163956432
eval_2026_friction_shift_medium_03,adaptive,spline,friction_shift,medium,5.384673717410805,0,0.13537970185279846,0.06647685170173645,0.01647290028631687,0.03211688622832298,1.0,0.34999990463256836,0.06790407747030258,0.46128958463668823,0.039569512009620667,0.02582349069416523,0.8733842231129153
eval_2026_friction_shift_severe_00,baseline,lane_change,friction_shift,severe,4.080931109945382,1,0.11636408418416977,0.09446890652179718,0.07550469785928726,0.04527503624558449,1.0,0.35000038146972656,0.081368587911129,0.8374650478363037,0.212360218167305,0.09534412622451782,0.8901510743646055
eval_2026_friction_shift_severe_00,adaptive,lane_change,friction_shift,severe,4.080931109945382,1,0.0938643142580986,0.0686357244849205,0.0400552898645401,0.03910836577415466,1.0,0.35000038146972656,0.08269575238227844,0.8524355292320251,0.14172452688217163,0.05817589536309242,0.9104062830125159
eval_2026_friction_shift_severe_01,baseline,figure8,friction_shift,severe,7.2834449316928955,0,0.1272013634443283,0.0963020846247673,0.12330131232738495,0.062320828437805176,1.0,0.34999990463256836,0.06758179515600204,1.0380672216415405,0.2151927351951599,0.12974613904953003,0.8805563428857668
eval_2026_friction_shift_severe_01,adaptive,figure8,friction_shift,severe,7.2834449316928955,0,0.11061297357082367,0.08078226447105408,0.058312639594078064,0.05347782000899315,1.0,0.34999990463256836,0.06883946806192398,1.0697178840637207,0.15366820991039276,0.0894550234079361,0.8952851809122029
eval_2026_friction_shift_severe_02,baseline,spline,friction_shift,severe,5.324660846801308,0,0.06451179087162018,0.05047392100095749,0.04897304251790047,0.034710731357336044,1.0,0.35000038146972656,0.05011627450585365,0.09802847355604172,0.062244072556495667,0.050506267696619034,0.9375250599592573
eval_2026_friction_shift_severe_02,adaptive,spline,friction_shift,severe,5.324660846801308,0,0.057364046573638916,0.041877228766679764,0.03329171985387802,0.03369884565472603,1.0,0.35000038146972656,0.05324290692806244,0.09952714294195175,0.04422677680850029,0.03577885031700134,0.9442502557179783
eval_2026_friction_shift_severe_03,baseline,lane_change,friction_shift,severe,7.8094762866805425,0,0.04576534405350685,0.037193626165390015,0.04887945577502251,0.035565268248319626,1.0,0.34999990463256836,0.06427369266748428,0.24468186497688293,0.0889851525425911,0.058738600462675095,0.9552660947622851
eval_2026_friction_shift_severe_03,adaptive,lane_change,friction_shift,severe,7.8094762866805425,0,0.03695239871740341,0.028083879500627518,0.020438792183995247,0.03110773116350174,1.0,0.34999990463256836,0.06532946228981018,0.2410207986831665,0.07813996076583862,0.040179941803216934,0.9637220086609094
eval_2026_mass_shift_mild_00,baseline,circle,mass_shift,mild,6.407315111295247,1,0.05670030787587166,0.047039102762937546,0.06807178258895874,0.02410511113703251,1.0,0.34999990463256836,0.05223550647497177,0.27308911085128784,0.07656612247228622,0.057235829532146454,0.9448771991933813
eval_2026_mass_shift_mild_00,adaptive,circle,mass_shift,mild,6.407315111295247,1,0.04297168180346489,0.0324929915368557,0.045364707708358765,0.023397572338581085,1.0,0.34999990463256836,0.07319099456071854,0.2696887254714966,0.055482592433691025,0.02742266282439232,0.9579385167741257
eval_2026_mass_shift_mild_01,baseline,circle,mass_shift,mild,7.1679383247774355,0,0.08309803158044815,0.06673909723758698,0.10054168105125427,0.053731806576251984,1.0,0.34999990463256836,0.056558072566986084,0.6455112099647522,0.10162730515003204,0.07526769489049911,0.920260928164826
eval_2026_mass_shift_mild_01,adaptive,circle,mass_shift,mild,7.1679383247774355,0,0.07434923201799393,0.05525384843349457,0.057218462228775024,0.04699372127652168,1.0,0.34999990463256836,0.06389512866735458,0.6357758641242981,0.0693749338388443,0.047352779656648636,0.9283474285767952
eval_2026_mass_shift_mild_02,baseline,sinusoid,mass_shift,mild,3.85206434649697,0,0.12282369285821915,0.09542851150035858,0.10797487199306488,0.060350243002176285,1.0,0.34999990463256836,0.059072718024253845,0.6460024118423462,0.1500784456729889,0.082334004342556,0.8844195783038733
eval_2026_mass_shift_mild_02,adaptive,sinusoid,mass_shift,mild,3.85206434649697,0,0.10244250297546387,0.06905429065227509,0.05207234248518944,0.04619712382555008,1.0,0.34999990463256836,0.06754778325557709,0.6200096011161804,0.07109217345714569,0.043768905103206635,0.9026300468028964
eval_2026_mass_shift_mild_03,baseline,figure8,mass_shift,mild,5.996866813384074,0,0.21538233757019043,0.16972750425338745,0.37864044308662415,0.1680653691291809,0.0,0.34999990463256836,0.16279098391532898,5.401336669921875,0.43944334983825684,0.2469116449356079,0.483739876815748
eval_2026_mass_shift_mild_03,adaptive,figure8,mass_shift,mild,5.996866813384074,0,0.1423588991165161,0.11574552953243256,0.24371187388896942,0.11515380442142487,1.0,0.34999990463256836,0.1682295948266983,5.508128643035889,0.24371187388896942,0.1429012566804886,0.8673099238553356
eval_2026_mass_shift_medium_00,baseline,circle,mass_shift,medium,6.192678246710589,1,0.07048202306032181,0.051855869591236115,0.06534429639577866,0.0481475330889225,1.0,0.34999990463256836,0.046847663819789886,0.13719642162322998,0.08455546945333481,0.059690140187740326,0.9319444928851448
eval_2026_mass_shift_medium_00,adaptive,circle,mass_shift,medium,6.192678246710589,1,0.06325045228004456,0.04481162130832672,0.05176910385489464,0.04570974409580231,1.0,0.34999990463256836,0.050725579261779785,0.13539700210094452,0.05568864196538925,0.042716432362794876,0.9387083426011025
eval_2026_mass_shift_medium_01,baseline,spline,mass_shift,medium,5.078478879077881,0,0.1468667834997177,0.1051182746887207,0.14959341287612915,0.12149927020072937,1.0,0.35000038146972656,0.05820359289646149,0.45876333117485046,0.23505234718322754,0.10097255557775497,0.8634089900793277
eval_2026_mass_shift_medium_01,adaptive,spline,mass_shift,medium,5.078478879077881,0,0.12103104591369629,0.07840144634246826,0.053953081369400024,0.10315972566604614,1.0,0.35000038146972656,0.06865466386079788,0.44309523701667786,0.12245206534862518,0.05480806902050972,0.886006452286031
eval_2026_mass_shift_medium_02,baseline,lane_change,mass_shift,medium,5.420244688260372,0,0.11384082585573196,0.08207522332668304,0.02162584289908409,0.08467959612607956,1.0,0.34999990463256836,0.05522042140364647,0.2519056499004364,0.18854309618473053,0.10060879588127136,0.892399991582908
eval_2026_mass_shift_medium_02,adaptive,lane_change,mass_shift,medium,5.420244688260372,0,0.0869506299495697,0.05663320794701576,0.022319907322525978,0.06045247241854668,1.0,0.34999990463256836,0.06646671146154404,0.2581809163093567,0.11031115800142288,0.054175183176994324,0.9167223531447656
eval_2026_mass_shift_medium_03,baseline,circle,mass_shift,medium,7.518436052456282,0,0.1196841299533844,0.0899273008108139,0.2221505492925644,0.06482250988483429,1.0,0.34999990463256836,0.05611884966492653,0.7814603447914124,0.2221505492925644,0.15790098905563354,0.8872006325672561
eval_2026_mass_shift_medium_03,adaptive,circle,mass_shift,medium,7.518436052456282,0,0.08498688042163849,0.06317037343978882,0.12594851851463318,0.0485580638051033,1.0,0.34999990463256836,0.06033189222216606,0.7728435397148132,0.14405441284179688,0.10234709829092026,0.9185243349743977
eval_2026_mass_shift_severe_00,baseline,lane_change,mass_shift,severe,6.132872737247993,1,0.306685209274292,0.22015920281410217,0.06795013695955276,0.12551435828208923,1.0,0.34999990463256836,0.08504343777894974,1.6887023448944092,0.5633054971694946,0.32076939940452576,0.7358822133465918
eval_2026_mass_shift_severe_00,adaptive,lane_change,mass_shift,severe,6.132872737247993,1,0.22109100222587585,0.14881746470928192,0.045612022280693054,0.08993276208639145,1.0,0.34999990463256836,0.10455631464719772,1.9425958395004272,0.36769986152648926,0.1750449687242508,0.8016437256073367
eval_2026_mass_shift_severe_01,baseline,spline,mass_shift,severe,3.6296610725269325,0,0.09199266880750656,0.05904135853052139,0.0445324145257473,0.08156894892454147,1.0,0.34999990463256836,0.05105616897344589,0.11770003288984299,0.09804246574640274,0.04105548560619354,0.9121118363880272
eval_2026_mass_shift_severe_01,adaptive,spline,mass_shift,severe,3.6296610725269325,0,0.08550173789262772,0.048303406685590744,0.016555123031139374,0.06910325586795807,1.0,0.34999990463256836,0.061600327491760254,0.11768908053636551,0.056055694818496704,0.02616657316684723,0.9180515475777561
eval_2026_mass_shift_severe_02,baseline,circle,mass_shift,severe,4.126312551179131,0,0.2839144170284271,0.24177727103233337,0.3344700038433075,0.10694784671068192,1.0,0.34999990463256836,0.06690775603055954,2.0194432735443115,0.34860172867774963,0.2799234390258789,0.7528310714694287
eval_2026_mass_shift_severe_02,adaptive,circle,mass_shift,severe,4.126312551179131,0,0.2004287987947464,0.16019879281520844,0.11428938060998917,0.07962667942047119,1.0,0.34999990463256836,0.07471299171447754,1.8956598043441772,0.2092742621898651,0.15573790669441223,0.8183797575764423
eval_2026_mass_shift_severe_03,baseline,sinusoid,mass_shift,severe,6.241662024310415,0,0.17286884784698486,0.11209720373153687,0.10090646892786026,0.09825791418552399,1.0,0.34999990463256836,0.06450821459293365,0.6142295598983765,0.3025631010532379,0.12593932449817657,0.841247939088265
eval_2026_mass_shift_severe_03,adaptive,sinusoid,mass_shift,severe,6.241662024310415,0,0.1423473060131073,0.08449170738458633,0.07556827366352081,0.07437510043382645,1.0,0.34999990463256836,0.07196026295423508,0.628620445728302,0.161831334233284,0.06898977607488632,0.8673199787272537
eval_2026_actuator_delay_mild_00,baseline,figure8,actuator_delay,mild,5.56638578199199,1,0.07832866907119751,0.05755796656012535,0.056795161217451096,0.02517721988260746,1.0,0.35000038146972656,0.05796715244650841,0.7626488208770752,0.0653853788971901,0.03666134923696518,0.9246604692979855
eval_2026_actuator_delay_mild_00,adaptive,figure8,actuator_delay,mild,5.56638578199199,1,0.07652820646762848,0.05592631548643112,0.052170608192682266,0.027378253638744354,1.0,0.35000038146972656,0.05964946001768112,0.7693713307380676,0.06426787376403809,0.03502329811453819,0.9263267855138346
eval_2026_actuator_delay_mild_01,baseline,spline,actuator_delay,mild,4.675905542167262,0,0.19128835201263428,0.09092189371585846,0.02938278391957283,0.0750453770160675,1.0,0.34999990463256836,0.06574457138776779,0.44911447167396545,0.04449063166975975,0.029173947870731354,0.8258944054985716
eval_2026_actuator_delay_mild_01,adaptive,spline,actuator_delay,mild,4.675905542167262,0,0.19089266657829285,0.09215200692415237,0.02912624180316925,0.07642021775245667,1.0,0.34999990463256836,0.08476101607084274,0.45249462127685547,0.044994793832302094,0.030703483149409294,0.8262212645475493
eval_2026_actuator_delay_mild_02,baseline,lane_change,actuator_delay,mild,5.3988782570510025,0,0.12171425670385361,0.05613426864147186,0.006195829249918461,0.027261702343821526,1.0,0.34999990463256836,0.05685879662632942,0.10476165264844894,0.05184965953230858,0.018643997609615326,0.8854013298543056
eval_2026_actuator_delay_mild_02,adaptive,lane_change,actuator_delay,mild,5.3988782570510025,0,0.1209636777639389,0.05248981714248657,0.006405985914170742,0.024793624877929688,1.0,0.34999990463256836,0.14110861718654633,0.11725953966379166,0.03597550094127655,0.011872047558426857,0.8860661429119956
eval_2026_actuator_delay_mild_03,baseline,spline,actuator_delay,mild,4.093721944590875,0,0.18650834262371063,0.08992581814527512,0.011776708997786045,0.08628141134977341,1.0,0.35000038146972656,0.06569937616586685,0.5815132856369019,0.04466893523931503,0.023851076140999794,0.8298516387825092
eval_2026_actuator_delay_mild_03,adaptive,spline,actuator_delay,mild,4.093721944590875,0,0.18424637615680695,0.08530083298683167,0.02241741679608822,0.07683863490819931,1.0,0.35000038146972656,0.0800257995724678,0.5713916420936584,0.04382413625717163,0.022822169587016106,0.8317308599282965
eval_2026_actuator_delay_medium_00,baseline,circle,actuator_delay,medium,5.208251249636598,1,0.06413143128156662,0.045357950031757355,0.02505260705947876,0.008275903761386871,1.0,0.34999990463256836,0.05174741521477699,0.1857745498418808,0.03708092123270035,0.030930280685424805,0.9378817244328048
eval_2026_actuator_delay_medium_00,adaptive,circle,actuator_delay,medium,5.208251249636598,1,0.0633895993232727,0.04491829127073288,0.024417763575911522,0.008822866715490818,1.0,0.34999990463256836,0.12969200313091278,0.19328716397285461,0.04049336537718773,0.030623039230704308,0.9385777331979428
eval_2026_actuator_delay_medium_01,baseline,figure8,actuator_delay,medium,5.670629585264706,0,0.252856582403183,0.19392798840999603,0.38098761439323425,0.06122475117444992,0.0,0.34999990463256836,0.16719944775104523,6.741703033447266,0.43264567852020264,0.25187772512435913,0.46594754938030064
eval_2026_actuator_delay_medium_01,adaptive,figure8,actuator_delay,medium,5.670629585264706,0,0.21252256631851196,0.16434533894062042,0.22425894439220428,0.06220017373561859,1.0,0.34999990463256836,0.24935106933116913,6.258412837982178,0.32081037759780884,0.19127804040908813,0.8085420702976918
eval_2026_actuator_delay_medium_02,baseline,sinusoid,actuator_delay,medium,8.017001446907233,0,0.08238247036933899,0.04452742263674736,0.025362085551023483,0.04779145494103432,1.0,0.35000038146972656,0.0534432977437973,0.2872890532016754,0.025362085551023483,0.014895526692271233,0.9209196668449362
eval_2026_actuator_delay_medium_02,adaptive,sinusoid,actuator_delay,medium,8.017001446907233,0,0.08444644510746002,0.04600261524319649,0.02868623100221157,0.04479801282286644,1.0,0.35000038146972656,0.09723027795553207,0.28820839524269104,0.02868623100221157,0.01644269749522209,0.9190208721229697
eval_2026_actuator_delay_medium_03,baseline,figure8,actuator_delay,medium,7.47382127260205,0,0.16580572724342346,0.09244295209646225,0.062130022794008255,0.06785403192043304,1.0,0.34999990463256836,0.08258683234453201,1.610912561416626,0.14408448338508606,0.06688305735588074,0.8472108081818673
eval_2026_actuator_delay_medium_03,adaptive,figure8,actuator_delay,medium,7.47382127260205,0,0.1612718552350998,0.08685285598039627,0.06568480283021927,0.06118813157081604,1.0,0.34999990463256836,0.11964333802461624,1.585532546043396,0.11403703689575195,0.05399027094244957,0.851060674355656
eval_2026_actuator_delay_severe_00,baseline,circle,actuator_delay,severe,8.022937378690976,1,0.09963751584291458,0.05295393243432045,0.018837321549654007,0.053161390125751495,1.0,0.35000038146972656,0.053223904222249985,0.13196612894535065,0.02280024066567421,0.020209290087223053,0.9051654667173685
eval_2026_actuator_delay_severe_00,adaptive,circle,actuator_delay,severe,8.022937378690976,1,0.0986880362033844,0.04821966588497162,0.014803033322095871,0.0535457618534565,1.0,0.35000038146972656,0.05404733121395111,0.13199931383132935,0.0158685389906168,0.013160744681954384,0.9060253110361628
eval_2026_actuator_delay_severe_01,baseline,spline,actuator_delay,severe,6.126281487919394,0,0.06477941572666168,0.04148511588573456,0.030632011592388153,0.04917655885219574,1.0,0.34999990463256836,0.05426638200879097,0.24343371391296387,0.04581413418054581,0.028696751222014427,0.9372741885222012
eval_2026_actuator_delay_severe_01,adaptive,spline,actuator_delay,severe,6.126281487919394,0,0.06426122039556503,0.04172268137335777,0.022915402427315712,0.04765491187572479,1.0,0.34999990463256836,0.15363876521587372,0.2537461519241333,0.05025201290845871,0.03156936913728714,0.9377600054938229
eval_2026_actuator_delay_severe_02,baseline,figure8,actuator_delay,severe,7.379230062227739,0,0.19598975777626038,0.13348010182380676,0.37554508447647095,0.05522019788622856,0.0,0.34999990463256836,0.14332659542560577,4.193977355957031,0.4153773784637451,0.19672182202339172,0.4932123923727161
eval_2026_actuator_delay_severe_02,adaptive,figure8,actuator_delay,severe,7.379230062227739,0,0.1752169132232666,0.12558020651340485,0.22482997179031372,0.05718468874692917,1.0,0.34999990463256836,0.2348943054676056,3.9835848808288574,0.30732452869415283,0.16544209420681,0.8392749511884022
eval_2026_actuator_delay_severe_03,baseline,sinusoid,actuator_delay,severe,5.111961972889771,0,0.0415896512567997,0.03465333953499794,0.023786209523677826,0.018958816304802895,1.0,0.34999990463256836,0.051243577152490616,0.20767220854759216,0.05576860159635544,0.03590049967169762,0.959263332323046
eval_2026_actuator_delay_severe_03,adaptive,sinusoid,actuator_delay,severe,5.111961972889771,0,0.04160016030073166,0.03449038788676262,0.02465912699699402,0.018337542191147804,1.0,0.34999990463256836,0.10971387475728989,0.21063539385795593,0.05524062365293503,0.03658604621887207,0.9592532514355145
eval_2026_disturbance_burst_mild_00,baseline,circle,disturbance_burst,mild,6.530431433163062,1,0.18862783908843994,0.12020441889762878,0.02918160893023014,0.10520234704017639,1.0,0.34999990463256836,0.0867367535829544,0.4180142879486084,0.4773406982421875,0.19997861981391907,0.8280946338085197
eval_2026_disturbance_burst_mild_00,adaptive,circle,disturbance_burst,mild,6.530431433163062,1,0.1292085200548172,0.0851086750626564,0.030947307124733925,0.06892554461956024,1.0,0.34999990463256836,0.09413204342126846,0.3816545903682709,0.29316550493240356,0.12409801781177521,0.8787907009539401
eval_2026_disturbance_burst_mild_01,baseline,figure8,disturbance_burst,mild,3.3912257599718183,0,0.21084541082382202,0.14150993525981903,0.03122493252158165,0.08095665276050568,1.0,0.34999990463256836,0.14897288382053375,4.116696834564209,0.5419952869415283,0.15749725699424744,0.8098992588635792
eval_2026_disturbance_burst_mild_01,adaptive,figure8,disturbance_burst,mild,3.3912257599718183,0,0.1561775505542755,0.1088869571685791,0.03909784182906151,0.06412865221500397,1.0,0.34999990463256836,0.17052198946475983,3.9632976055145264,0.40062692761421204,0.11314310133457184,0.8554072988471637
eval_2026_disturbance_burst_mild_02,baseline,figure8,disturbance_burst,mild,8.015674391335999,0,0.18258775770664215,0.12721629440784454,0.06822773814201355,0.06380339711904526,1.0,0.35000038146972656,0.1462138146162033,3.301218032836914,0.4966600239276886,0.24083638191223145,0.8331115287630264
eval_2026_disturbance_burst_mild_02,adaptive,figure8,disturbance_burst,mild,8.015674391335999,0,0.13892313838005066,0.10256852954626083,0.06968981772661209,0.054240841418504715,1.0,0.35000038146972656,0.15408796072006226,3.256580114364624,0.37924009561538696,0.17672713100910187,0.8702949181648368
eval_2026_disturbance_burst_mild_03,baseline,figure8,disturbance_burst,mild,5.035831670063738,0,0.23492880165576935,0.17202818393707275,0.031315986067056656,0.06914157420396805,1.0,0.34999990463256836,0.19695229828357697,6.247547626495361,0.5342291593551636,0.23230019211769104,0.7906271389680563
eval_2026_disturbance_burst_mild_03,adaptive,figure8,disturbance_burst,mild,5.035831670063738,0,0.1697109043598175,0.13399627804756165,0.06558282673358917,0.05416998267173767,1.0,0.34999990463256836,0.22208097577095032,5.846412181854248,0.37839367985725403,0.16217540204524994,0.8439087516752221
eval_2026_disturbance_burst_medium_00,baseline,sinusoid,disturbance_burst,medium,5.664199673336604,1,0.27942559123039246,0.18002045154571533,0.020751072093844414,0.16481629014015198,1.0,0.34999990463256836,0.10784929245710373,0.9949561953544617,0.6693463921546936,0.2998195290565491,0.7562179949723186
eval_2026_disturbance_burst_medium_00,adaptive,sinusoid,disturbance_burst,medium,5.664199673336604,1,0.20310376584529877,0.13355718553066254,0.011807916685938835,0.12295109778642654,1.0,0.34999990463256836,0.12702545523643494,0.9341289401054382,0.4678621292114258,0.2111273556947708,0.8161935440183145
eval_2026_disturbance_burst_medium_01,baseline,circle,disturbance_burst,medium,4.643452026231547,0,0.2523348331451416,0.16678647696971893,0.014992712065577507,0.13110722601413727,1.0,0.34999990463256836,0.099733367562294,1.2760878801345825,0.6366521716117859,0.20817893743515015,0.7769845343336024
eval_2026_disturbance_burst_medium_01,adaptive,circle,disturbance_burst,medium,4.643452026231547,0,0.2055622786283493,0.13872161507606506,0.017347220331430435,0.10997479408979416,1.0,0.34999990463256836,0.11223820596933365,1.2617371082305908,0.49158772826194763,0.1639075130224228,0.8141893863899513
eval_2026_disturbance_burst_medium_02,baseline,spline,disturbance_burst,medium,8.0016608270323,0,0.2755727171897888,0.1661461591720581,0.08470970392227173,0.21012362837791443,1.0,0.35000038146972656,0.09986153990030289,1.0360947847366333,0.6923465132713318,0.361944317817688,0.7591372277610544
eval_2026_disturbance_burst_medium_02,adaptive,spline,disturbance_burst,medium,8.0016608270323,0,0.20846779644489288,0.127318874001503,0.06422766298055649,0.17293529212474823,1.0,0.35000038146972656,0.11732462793588638,0.9838765263557434,0.49624085426330566,0.24578693509101868,0.8118271780028522
eval_2026_disturbance_burst_medium_03,baseline,circle,disturbance_burst,medium,8.11409387453961,0,0.2577483654022217,0.1558648645877838,0.08961712568998337,0.11206624656915665,1.0,0.34999942779541016,0.0967225581407547,0.7983730435371399,0.7010309100151062,0.36212262511253357,0.7727896682598103
eval_2026_disturbance_burst_medium_03,adaptive,circle,disturbance_burst,medium,8.11409387453961,0,0.1895001083612442,0.12172659486532211,0.059904299676418304,0.0802299976348877,1.0,0.34999942779541016,0.13146889209747314,0.7807819843292236,0.4913865029811859,0.25531435012817383,0.8273726272423241
eval_2026_disturbance_burst_severe_00,baseline,circle,disturbance_burst,severe,6.848892513144918,1,0.29536280035972595,0.18879632651805878,0.05248425900936127,0.18137571215629578,1.0,0.35000038146972656,0.10002630203962326,1.280400037765503,0.7436795234680176,0.3292617201805115,0.7442615201313747
eval_2026_disturbance_burst_severe_00,adaptive,circle,disturbance_burst,severe,6.848892513144918,1,0.23776698112487793,0.15276189148426056,0.04663658142089844,0.15175211429595947,1.0,0.35000038146972656,0.1052900031208992,1.2436847686767578,0.5678114891052246,0.2504365146160126,0.788386378598714
eval_2026_disturbance_burst_severe_01,baseline,circle,disturbance_burst,severe,5.375586587102325,0,0.28829655051231384,0.18227718770503998,0.029624005779623985,0.11521593481302261,1.0,0.34999990463256836,0.09688548743724823,1.9421182870864868,0.7911044359207153,0.2744479477405548,0.7495392830193353
eval_2026_disturbance_burst_severe_01,adaptive,circle,disturbance_burst,severe,5.375586587102325,0,0.19310212135314941,0.12828567624092102,0.02205001562833786,0.08806760609149933,1.0,0.34999990463256836,0.18668310344219208,1.8788191080093384,0.5162433385848999,0.18116343021392822,0.8243977812232822
eval_2026_disturbance_burst_severe_02,baseline,sinusoid,disturbance_burst,severe,8.016374569878035,0,0.35945355892181396,0.20457424223423004,0.2550775706768036,0.19671453535556793,1.0,0.35000038146972656,0.10514157265424728,2.381855010986328,0.8764967322349548,0.5686287879943848,0.6980576692561757
eval_2026_disturbance_burst_severe_02,adaptive,sinusoid,disturbance_burst,severe,8.016374569878035,0,0.2498481124639511,0.1470961570739746,0.16568705439567566,0.14194676280021667,1.0,0.35000038146972656,0.11850275844335556,2.1989667415618896,0.6080147624015808,0.39518311619758606,0.7789190821872717
eval_2026_disturbance_burst_severe_03,baseline,sinusoid,disturbance_burst,severe,4.6900069119500145,0,0.36236605048179626,0.23532891273498535,0.026374105364084244,0.1740732192993164,1.0,0.34999990463256836,0.11794386059045792,1.622707486152649,0.871568500995636,0.3283962607383728,0.6960275399883309
eval_2026_disturbance_burst_severe_03,adaptive,sinusoid,disturbance_burst,severe,4.6900069119500145,0,0.2707708179950714,0.18379001319408417,0.013263746164739132,0.13333414494991302,1.0,0.34999990463256836,0.14191201329231262,1.5515857934951782,0.6059520840644836,0.24476151168346405,0.7627912944122169
